rx_avg_bps,acct_id,Date
1849821.52,00000950dea4a869e9fe70d823444d418c5abebbd8e8303306a1cdf1bae0fd6c,2022-11-16
265703.525,000050825287b713415614a237757da4cd7517365cbce239ce50ec86d84c934c,2022-11-17
1077447.5333333332,000060be4aa292815abc44ab6fe96015b89e83b21c8a63473ee216fd67998a99,2022-11-18
120511.17142857146,00009d9898eab1ea1d3669cd11ac257ccd98e1bc007e69d47f33a0f952293026,2022-11-19
139912.05000000002,0000c415de5ceea33c02daa85a1c218ecca1b1c9e9864ed34d183597844de8e2,2022-11-20
492651.1875,00010928ff5a664fdb4db0d2fa5d87bbab31f369123367310240b008bcff13a5,2022-11-21
484189.3666666667,00010b900c4231f17a763e83a25471dc81ce6a92d12f567a74a957657531ef97,2022-11-22
16805.075,0001210ddee4854260d5f7b37e397fdfa698e1435630bc71520e9801b643182a,2022-11-23
413874.95263157896,00019f1459bdfbdae7d3d172c4a8b5bf01955e83ea18febafd8ecb2ecaef0704,2022-11-24
485102.9307692308,0001d055ccf674be365c774fa45efb1c0961928dc5b0941d5a74b04a4ba1f5c2,2022-11-25
353537.2,000213ac63999e61bbfd386a19f859e97e5573c92059de6ba4cc1c4f931eea58,2022-11-26
891014.1900000001,00022ff42fc62b4dfd17b7093a1c39e7e700f811d6ce516ef6c99a75ec0ad479,2022-11-27
253671.30909090908,00026bd5154ad79c7e3f47b747393df8b1f077fd5e50f4a145de950b4e8ea2cb,2022-11-28
406589.7625,0002788e5e198c551a999a8b24ce14941125d6ca8e11f2d33d4cbbfb8e947b12,2022-11-29
360274.3,00029bbbbb09d18956c73f60535b8efb8c8fb78b5728fd284a7267142f94cb72,2022-11-30
536486.5153846155,0002e05241c29a395fbaee5df7c0e37d37e64b174a586dfdebbef05726d59a8d,2022-12-01
735331.275,0002f1d4a1a8e635d98b48f2038bb61355ebc8833391a9669c7897eb7f6adf84,2022-12-02
399957.0687500001,00031b7e52352981c804c8f8b996cb1ddd00cbdbea02246b449d03788a1e76c7,2022-12-03
24817.775,00032a9ac2b3b316193abe245a72d125733b3b23058a8347678b50fa1eb96a0d,2022-12-04
1094881.9700000002,0003712599e566d410fd8c8adff4a75cda7f966d3ce21ca96d6b618854eedbf4,2022-12-05
105080.6,0003f14b73721746d490a01f64bf5bfa7f1160ad644c08f6f6368e174e64d0ec,2022-12-06
252782.5,0003f5f67a32c97edb0c9b347a914ffaa75d3e34ddaa86f9eaa77656032399ab,2022-12-07
409624.47368421056,000436b99a48945437b6ab02effdc4e3f27f53a69e75f98b88cfb925aed3c520,2022-12-08
87394.57368421054,0004395fd60ea96dd210bb0ad238925169dceeed7662f9c3e9a5bea405855f27,2022-12-09
175744.2285714286,00046030a74407de295158d8f1434585988efc8619c8bc7e970276dce552d48c,2022-12-10
1118038.375,0004b5e7b8cd1bacd50e3b4df6fab359c037dd4eb5df7368098e4d8faa281215,2022-12-11
544838.8285714285,0004bcd01c08bfaaa6f105ea2f7c7cb8457523fe67082c37b6cfc537f5b0e854,2022-12-12
617397.8125,0004c41e45302a67a6d77160ce81e8737c5842e06738f5a0138b18b7ac37217a,2022-12-13
701379.2944444444,0004d39a1eae5f793694c2c3578238204acefec18ae56f3f32b1a02bc5f22055,2022-12-14
304846.7454545455,000529f823553b7b2d0988a116d65d59bfc7473545f6b69027f74978a80cb35b,2022-12-15
331468.6888888889,00053634669982677365095b53455523c09ad8be4dcc768b84385960d3b2f7c5,2022-12-16
103814.0875,000545eaa8c8a27b063441737f2def57fd781edbd9be2dcaee81c88ce661005e,2022-12-17
757333.3133333332,000547a4c18f593f487ac007ca854b8274d3385ce8851df9f740c32e6d485d98,2022-12-18
135.7,00054ac4912e17bb90782ee06bdb4f8beb3bb2525525138d991364cc11928226,2022-12-19
257595.13333333333,0005662eb5b860331c1dc828171a60aad4b1102e7f439f9bc7211d0c7d39a5b0,2022-12-20
444899.053125,0005bc766c93c21c069152d4c91aea2590cd0a69375e82de204cde9ba7168379,2022-12-21
316950.2619047619,0005c8e8c2a197aafdcb2a12278eeb77a89347f811a05a4997ac3904afeae909,2022-12-22
120089.72,0005cb18674a5d64cb9be8198e85f267f23ed4fcab1381ed39e76f17820dae81,2022-12-23
184284.92,0005ef9a15a55846af9ea452bcad1f749053d7aa6192223ef99eafa179272025,2022-12-24
361619.0,000617259efccc6c59f2a41b385adc66772f0f3b1794b1f59ae3bbf7b7b5e176,2022-12-25
189002.95,00064c1791ebc148f2ee285ed4d00d0679d23632c09700f55d40c9f8dfda0ff4,2022-12-26
605110.9500000001,00064f41f0b2077d60a8ab8d0b3db0e0a3fc54e6f35b1f3db882c2a500b4aa05,2022-12-27
73270.47647058824,00066d27b47ecc82f8097701b5f36247336cdc1afe40aae0b92c1d2dd69fec6e,2022-12-28
390468.3,0006b8029ff3a33552af864612d5b863a1bda23a24ae94c21737db05d914632f,2022-12-29
28847.512,0006bb81bf92d29f5848a7cfd366f65f3a065130bc2e558b134c4d089530b0e9,2022-12-30
1199032.375,0006c6053ec49533e39f29fb1dd455a001c03c636c7fbcb5b9560fbcb479b1d4,2022-12-31
558736.025,0006f5bb5a6bb372c3a2047f44d5adb8cfbaaa5f6b70c6ae44eaf93f0bbf887e,2023-01-01
47650.066666666666,00070d4c58e9d598a697f22b8e531a923b1fca91f3201c861a878807cb64704f,2023-01-02
1174901.066666667,000719819723276c256b49f5b732daf0f1991b5c2267e30522ab6e229a8c14e7,2023-01-03
205609.76000000004,0007554686fa53d89f5dfb0197a3b8f057f7c977977aaee80daa4f7be420945a,2023-01-04
106910.72727272724,000759ee9c9894c7bfe2fa8a5916339ad8e23dcbc8a32b5a3095f33dc67bba1d,2023-01-05
646758.5000000001,0007a4c6179d9086a6c4b491e24b92505bf585e9e72eee1c488dc6fb98a9162b,2023-01-06
1079420.518181818,0007b34e809a61cb5ae16dde03bc1007644f87d17efc0380f84c2193dfe2caf1,2023-01-07
147213.00714285712,0007d0ba69f66ca0d3caa6ce71f9baa2ee6e78f7ffab7fb2e24fefba41dc6f52,2023-01-08
907318.39,00080dae34fdea17aece1619993ef362ea9194a4f3aa9f020519f7e63cc2a5fb,2023-01-09
103853.44,000810156aa7f546b5d7f83c967fd5269268afa55b41d809498e53f3af8b191a,2023-01-10
810834.6466666665,000812a07765e3c9b4fda28aa81aa0b6f0b628b2a129ffceac2ce2a2a0b9efaf,2023-01-11
371767.7125,000817cdb722d7f82af4326475520fecaf52ecc2070999170c83ac15216748af,2023-01-12
718325.8846153846,00081e804d735aed4f0512bb2a73d11746c196d7979bf13c247a878589079bef,2023-01-13
414020.04375,000821070c27e873ce8b0d76500fa7293a3b4c466086f2ef00ab1c3063bdf41c,2023-01-14
582213.2050000001,000847a9d3db81ee82e2d70f0da9953fc263fec8f2f02e71cae3bde65c420064,2023-01-15
105436.92727272728,00085d95d1105dfe72b5c69bbc57dc52e44350e8eaa906574e69a6fbd5cec41e,2023-01-16
120495.81666666668,0008669a6e95eed407daa81d848b81065a35c66d57f2e68932f3bda2585dceef,2023-01-17
114799.16875,0008d7379e7253a65bb2f2c697f626f9402bd295eb309accaa99ed748086ee31,2023-01-18
849776.3181818182,0008fa7db4aafbc470e1e110f7c4ebc63cd53fc5207f9c39ad4c4b4d68cbcb78,2023-01-19
105473.51538461538,0009000332440dd424255d0107bb576fcaf060e0e40f2376db65a787f460a0e9,2023-01-20
264729.725,00096e521ec84fe0379f3b49e396c565e0a315f800156f0cbb4abebd252506fb,2023-01-21
872398.4777777778,00097d8e86d840c9fa2e32baf640d97ed53278aae675f595e5d987d6674e77af,2023-01-22
49681.954545454544,00097f0d03b003f846ade2c2127744fa7c24eb25f012f9a822befa40ab62cb7e,2023-01-23
738728.1551724139,0009a67956924ec056aa3a383caea375fc2c103f1a48d96c0fa64d707c0f099a,2023-01-24
76622.80000000002,0009b8a730a926c208964585d5cb43453a7ff2a47cac11db9a8c508700ad3136,2023-01-25
733097.5142857142,0009c86de5ec7abbd47f2daef6c8b37e80032f85c40d8f9f9a327b1866979b77,2023-01-26
278533.47500000003,0009f70fe9b8b23ab0d321691fbb1942e41f23ab312cabbca88f0ca733c3105b,2023-01-27
151377.02000000002,0009ff0eecb52c33598ec8f805006ac3b09dad26ea15bee0c1460138b11d86ee,2023-01-28
221479.1928571429,000a0e6d08a4b7ecd4e4f1977be8f243e6cce05be66446607e7f1d9b3e867187,2023-01-29
214929.48666666663,000a17ad8f51abdaf9209b4906b8bac04f3f89df757c4b734e082d7f52d77fdd,2023-01-30
107400.275,000a2b6a84f133c708fda4f48f1540d7107276f50597c08740ca07a6a046add8,2023-01-31
292177.6857142857,000a8e805455fd67ac26deb3bbcfc29b247c60ac62f8834fa1c6babec4347172,2023-02-01
417430.0571428572,000a8f49de0e36967d2356bc3e1f4ff240fef7517f3ed0c6f73b554d7fcfc159,2023-02-02
883798.9454545454,000aac283668e5c52beccfe7e3d81eb9ff0e48f20516a64e11b12439803f86b0,2023-02-03
321062.38333333336,000ab8a903633a1113c6f70e5a96f19ebdd4381e58a969526c281ea9bae6a70f,2023-02-04
149925.40000000002,000ade068fd8823bbda9f455dc6d3d10c0e15f32fdd6e14243c856386602a954,2023-02-05
1778419.0625,000af3f6f31fcbe645790afa64fee723444d517390200b9073e26446329e2799,2023-02-06
277054.6375,000b08187cb9eeb9f1fbb9069d50da2b29ac235a62e148650e2e9a077d890448,2023-02-07
215253.47692307693,000b086f732f5d75a38976f1fc9255395894aae7062dbbf4d027388210c26dbd,2023-02-08
626171.92,000b2908143155328d56fe420e96291b1a23589f39b41e6b7d3e0d9e57f557a1,2023-02-09
646963.2999999999,000b4cbf008faf8458be456d2807bf10b1ca3f5d2706672408e52ce4572c95f2,2023-02-10
479896.6,000b59e10bac1749cb73f542633a7e1206d4f2f851d7024600b0977eac83fdd7,2023-02-11
723006.5272727272,000b5ed33272b4519a0d5a2d2451c16367604dd346d92c0154683b02c0bb21ae,2023-02-12
459828.6357142857,000b696762ad55d26b34150dc54f3ef26461c415a6eb9eb6c7a29f225653ab0e,2023-02-13
1950514.2181818185,000b7d17dc9021a72c0ae18801f9a9210eaf72cba4f0435225f6f81b8c2e5760,2023-02-14
209609.29615384617,000bbe1897104117e494aef6f8765faacbccd525d7c2807dc7ce2cdf44391ff0,2023-02-15
392505.4181818182,000bef8370909dd5f65e61c47bf08c8f92a8269e19c0ea70ff621b711428db5d,2023-02-16
102444.15454545454,000c4c01ea41302a6b79f443fb4c8ad867780bd4f84a752ab90b960b74a142f7,2023-02-17
1077527.5000000002,000c5f367eaef366cb10399dbd6f0ec5d59b403ae649f54294ece3201d6db135,2023-02-18
398120.025,000c637579845248269bdd0c7e14badb4aecaab285c97fdfcf68312a1759fc89,2023-02-19
592252.576923077,000c939799cf2ca992e466007b5ca16475989cdce76fb223a6b312a99234772e,2023-02-20
74072.62857142858,000c9ab196fd9ce2181712c7d0038c7c9832f102642adce81661a3cef71c746d,2023-02-21
1107876.1875,000cc0a13169c71fef4900b36c43b0957c5531aa82dd74f8712cfd89820def2b,2023-02-22
387062.06,000cd62019b2d0dcee0ccb9478e9dff4874b41e717eafcb974c2ad25bbd0398d,2023-02-23
405150.7727272727,000cda6177cd3d1b9d0b54f5c8ad81058544f31e3add399e0b2a396db64a17a4,2023-02-24
659986.2842105264,000d149b6445f3d917fc50aac753b6c574198bf4694cb51aa6304f1ba2ba7681,2023-02-25
227222.5875,000d581778e375a31b474b996b3321238de420eb8048429ca722aa88ab110637,2023-02-26
496409.9904761905,000d79825625134f83d2e5e2b01d4d8f3cd12b91316672a493feb0c48775bbb0,2023-02-27
10316.0,000dc19d180b0a4eaab013170439f5e984be05e56d68efa5c71f0eb53591698a,2023-02-28
1037862.6894736844,000dc8c812e2808192e0c14dc235cc2a7c9ad823fe28f112f43e438910ccdaee,2023-03-01
258087.84545454543,000dcd5a95180f970a2659c0300a1068c2af20b82d2ebb4aab3c0a30349d2277,2023-03-02
1422806.05,000de2ef8304f777d5cf7514523d3a2b3dc7f859588369661fcafa1e78bc80e2,2023-03-03
44274.966666666674,000de4860f5e1c616882c74fd0a4696a4d14866e3bc97689f2659307795a6218,2023-03-04
18504.10909090909,000df73ba64a8599aa4b36c58bcf10a0faf9c09a8e109c8835a22ed0db083195,2023-03-05
67937.92,000e096567060e06d185e71e3f040e6b30c34989946e5e42a0219b00eb885b3f,2023-03-06
112301.88125,000e13c9e3fc10311646ff0c4629720758f5db20b08fd1bd7bda4bcbd823efc2,2023-03-07
119385.85000000002,000e22e99010f87f7980df239717109a0b4a3b65b305a60c913817839ebd0e42,2023-03-08
340421.60909090907,000e25b77dee95fee4c9c293060a626923df38ea327e4dc65fe8f52229599249,2023-03-09
178331.31875,000e276c818db78adae89eeaf8f3a34a07b386ccd28df464ed5b04a17bbca343,2023-03-10
165176.8571428571,000e684705d23c2ebc810e9cd4502dd301704ee55799f21a42904391f90701d9,2023-03-11
567146.5285714286,000e8465e7af0bef123cedaa87a3e0b49002d4a20d9fc5fd692b6b134fcec795,2023-03-12
188715.06250000003,000e9af441bfe5a8d7760fbf49a54c0ccd8fc9ded348082065d98ea4e81d961c,2023-03-13
218093.65,000e9e065a3e18ac029def94c5eb6d717605dad40abc4d60f5577cd024ea73b1,2023-03-14
223293.6545454545,000ef3a5e335e0aa1beea72ae279814f70968f2ff6e7d74864deabeb4761add0,2023-03-15
653670.8333333334,000ef46724995445f775e67186c8e7a8d66f33c3a107608c61fa048297ddb097,2023-03-16
122855.81052631578,000f13987bdaf7bf41f0ab5c4db2c27d603cc2aa1a9b965f6e35e6fab1454c81,2023-03-17
176338.07142857142,000f1806d1d59bc2a09f8d28f9b1f8682a905d92e761ab90edb7d2b204b4a49d,2023-03-18
297938.05882352946,000f2cee282f4d48b297b157303982722518eef9523024be103023d623212b41,2023-03-19
388190.4538461538,000f53bd6eb6e0caba283343a6ec03affa4cf64fe6c56d8f0e561c1e7ec31b18,2023-03-20
535411.7777777778,000fa736d4701a0bd2f401f653ba838d6dd10d25ffa4d91999b06431d1aaf519,2023-03-21
172347.84444444443,000fb866865fbb28d2121fac1821be242767ddb8102d52bd8e58aac33494fb32,2023-03-22
123933.4,000fc50f2fbe243dadfa48c989365b8021df76417f8a814b7828d1f549619d59,2023-03-23
530108.9785714286,000fcaf1b573ac7dae87c20d91e91672bd713c8ee9c08d37e7a3ab4e52eed96b,2023-03-24
370452.705,000fda66fca5f47ec3630a04269ba77eba4d7930a5a46ba6c69bd07b956d6052,2023-03-25
877068.9625,000fe6e9a8498e17beeada3b1bd6a1a443bcbee40586c130617aee4775706dff,2023-03-26
3279943.035714286,00101e630ed3d92bde0a1323ed790f8fba6029f705607d0b241d1c2c35babafa,2023-03-27
645015.275,00102f1ea9f4759ddfe95aabc27f9b98a9d4b6ccede6d9ee06f8a2d38e8174ee,2023-03-28
222646.4583333333,00102fddd974b62c508d877e1c25847af34828b0f2d421f57c4084d74940b9fe,2023-03-29
274622.7454545455,001063a27806a403910ae7c4b58032ac4c155b6f47bba6ec06df36c536c9ed97,2023-03-30
245670.4583333333,001075c2f188744e43f93618f04cc61e2025fafbdfce776f9c3615c134a575f4,2023-03-31
63402.083333333336,001084f608578110d119bda9d071e0bad0daa57a5596772bd9441525028bc6a4,2023-04-01
670510.0222222223,001092ad0dc5c96d04ce4ae44906d520bcfe055f499a5314f9ea5c0c6c076b12,2023-04-02
377086.87,00109f8e5f89c3b56a08353c42af1e885a173d5b4bed890dfde7b3fb2a2ceed6,2023-04-03
1105544.7333333334,0010b1fdce858159c2da9cd52950704e12627bdbb67fe6849167a3d7946ce29e,2023-04-04
1118324.4666666666,0010b4c2009a20703d10415c3811da8573f76d94829b23248375c01e01ce2756,2023-04-05
193059.9857142857,0010b671d70dc82951f8eeb200ece95cc235ebaefafeada4a1cc50df3cf27f1d,2023-04-06
236749.62941176465,0010efe77dec9fc84f119fb9e49943ebf587566684524a9a78ab3cf295c86d12,2023-04-07
253078.46666666665,0010f47b83325f10acb7c1706f6ad5380cbe6292e397b96399bd08e34ccc5110,2023-04-08
221076.66666666663,001112bd4175ac043f453dd5699b9d34027a5c82eea457b1946859554983e914,2023-04-09
656947.64375,001115c11cb49b7f8eb41d65045f620cfafa53cb36202e28579f915a86644723,2023-04-10
503283.147368421,001120f51cc854e50049979c9b58f4f952ea332c3371e7c2b865c692b1a9c206,2023-04-11
384162.08947368414,0011460fe91e0b0356de2a9c741795eddf4c48c0c83420d29165385b352dd6c7,2023-04-12
152865.475,001147d350f3a9e62b13b286b64c3a8588b5baf7dd0473fb8278212be53d8884,2023-04-13
3593.527272727273,001156f768bbd61cbd311fb12bd91009d4316199fca1f2845bfe39c277700d41,2023-04-14
563436.1307692307,00117af722e998c66a4f82486d050aaca485209150fd0942fde733b17e18fefe,2023-04-15
240868.15,0011836de3baa9dd76b711cee7cf12716415ab355272bb166afbecbd49295acb,2023-04-16
258410.35333333333,0011c7dedaef36306be2c6bc3433bbcb63ae4d55da06b1dc7867b98c9349af20,2023-04-17
344564.10625,0011d2c91f4a026104c5c7928a2f920268553c1c76a8c897532b84c120cf3144,2023-04-18
138252.99090909085,0011d97a6f50176646c08fb4fea6f23ba793fb17ccee397eef7408d0a208a057,2023-04-19
2462353.6100000003,0011e05646e6e3757c9d7380ca57645a64227fe8ec2c4a3d38bd78dcf663bf79,2023-04-20
1388195.8307692308,00124176fdfdb3aa1791f5753268978104307310883ebf25c7c74f02873eabf5,2023-04-21
1294087.17,00125f2fbe0dce9889935a4eaefc333fb77e5681502a6a072d0c84933486bed1,2023-04-22
169391.62727272732,001276e0c1f790162e5d5e194c5ccb3c9ff071f5e73ef1baecc1d2a22647d722,2023-04-23
130193.5625,00127b0c0b50e2fe5af70571002c3ef80196854b1751fe00504e5852d7ad6bae,2023-04-24
152750.86666666667,001285485e0d6f31e0fd84bcd86d21ac55daeaa6d7bf9a3c5739a7db5816eff0,2023-04-25
177897.30000000002,001289426030c01472b5a5815f457ff749787e055a0d0310a5ccaf9a2ae0ef7c,2023-04-26
1771183.8111111107,0012b747a149547929533c5a26f7dc23ad34fab3912f193c10dff9087eac027c,2023-04-27
293486.78,0012c7c6d2bdb2f8db25bb65e7fa6a4ceea0b2e11c0ed28f8b4331ce662b4f42,2023-04-28
246152.0,0012d831379a6cc24a8ea88f8aef21518e19d11ac6144c839e1c3456b06513bb,2023-04-29
163303.40000000002,00131574bbb2f062eb11a2595ab8dad62ef9a18cab4ec511c730e0e80442168a,2023-04-30
518600.7400000001,00131b8d0760ec2d84cfa1615382a2e3a6df7dddd24c715277e7b18f8c8f6073,2023-05-01
808876.5636363634,001326092b688f0c83873b66c641c9d063a7a2c333928e5ba9cc3fd12c3b0d1d,2023-05-02
258799.72307692308,001329e5c06542f0d7a6666353fca04fc9fda5dc7b650f7b72a6b3e4f99a79cf,2023-05-03
283669.3681818181,001368bcc10490307911bf1c56ae010a7b03a842d46624ebd44d43ef5a8a5e4a,2023-05-04
209443.77142857143,00139518ae44b54434f6fde952a66e717a1a6253254ddecafbab4ef9e8d551cb,2023-05-05
583273.7523809525,0013a7768e3fe934b4d897c4208a9cafb2dc58b4f963d3f7cedc15eb1de718a5,2023-05-06
613627.2571428571,0013ebb04fc2e1faaa18be5ab89fa7fa4f0d1de190a7b98ef9ba159882cb23c5,2023-05-07
640124.8333333334,001432999f533abd8ea3ce5e8646c662e487fa86900382c81e4e4ba62ec52bab,2023-05-08
448608.65500000014,00144db3711a632ea77144f7ec29e4f1ede1e43f7fa85efcc8978142d9f8182e,2023-05-09
79507.65,001450130d931891780714db9b8d0bc1e2a39fd6bf1c39a1ae76975fbc7abce5,2023-05-10
28720.74444444444,0014a3e27ab830ed3e55cdb6311dd9b7372a43fcba6efe7e18f3134a33e23198,2023-05-11
1924687.275,0014b3f668494c6ae38dde7abbf8e61ac5c9956280c13cd24c6649e837d8434a,2023-05-12
140270.2105263158,0014e76085c112a7f74d41882f92529157427151fd8f41193f73fdcb54c46c0c,2023-05-13
23012.015000000003,0014ea5b41592994f8c0eb370209fe7e0fc23bcaf60621996dfa7ba875580202,2023-05-14
95239.35,0014fdcf3cadeda173bc3da085a9b2ef742f8b4aa1eea53d5229b369cc7e719a,2023-05-15
82878.40476190476,00150442e401bbe961332516c704ee5305f588252ba89127799cfce011ddee3e,2023-05-16
272119.62,001507abe1f9fa826cf0ec99af802987c6403c72f45eeb77181413b3d0e1d5c3,2023-05-17
192866.5142857143,0015155573b1d24e35e85b3743f745f88576d98d9dff2b4ced7f09e0152761db,2023-05-18
179358.18666666665,0015186e6a643b03090b424a64285b0850876867eebe3dda59894517486521c7,2023-05-19
72506.28518518519,00153118a55c6311cd37193bf4bc159c516395ec063231ec7e8bfd9af20a4b73,2023-05-20
22062.15,00155443b254bea2801f970340f18f36da8b83e8bd9ca553765aa28ae0d45b5b,2023-05-21
30625.81428571429,0015727c8f4ebfd6bd6f0d2b584408a3d21e84ae94946dab8ba3c4c4f02478e7,2023-05-22
18633.2,001575dd945554ba8a364db62e82e847ba488e5640fe5e0e4ed85ba5150fb65c,2023-05-23
87203.90909090909,00157d1936f25fab50b04408e7444a0f1bff5b7d5792b43c16ddc439323ee279,2023-05-24
1387194.96,0015c5d36e971ae20700e67cbbebfeeead7b0d727dde5522c93cdaad61b84c09,2023-05-25
738927.8375,0015d2193e7308b1f97489d4b27cc1ac725d4e43622e41bb5428dc0c0637b10e,2023-05-26
479232.3818181818,0015e14dccc43463330b4719d81c02f3b77ee5b4f9058dce2c11b56dc5789e62,2023-05-27
91453.025,0015f598f1ccbc6593dd6909979552803cb3373f248019676bb7141154ce71e0,2023-05-28
255222.40588235296,00160379dc8bffb19f4eaf68c86560451a335e17cb4de196570f57bacacdc852,2023-05-29
885218.8333333334,001607d1b603f867c0079fa0a17f7f5dee02b22d57616d3a8c7c85d0bfd71236,2023-05-30
388784.5399999999,00160badfac380118913734ec0b3949732eee9c0b525cf97cb77c7606c4eb96b,2023-05-31
623936.2,0016188022e0284612fbe44a6a71faab7acb755aff577901e795df9e58e17e99,2023-06-01
655981.2625,001626cdbb53419497e70360c5b5c2ee09761e64f6c08d971f47c54d8e71d785,2023-06-02
869875.5999999999,00166d35417e41c34d4fc63e04fd77aa388e31b21f1fe83cb8bdd072d7f22302,2023-06-03
43531.11538461538,0016d03a7f53f0348f5646352514c73a6d73845d59c1ad3af2bed69ebfd8387e,2023-06-04
174468.31739130436,001722e40809df80d40fdaae569bbce798e04d33c91ba721fd891778753bc52d,2023-06-05
191727.3684210526,001764b36ce1c4d5ef9fcbdb7b3ddd56067ba8ca95701971e7707828fc3a8529,2023-06-06
864204.8,0017ae214a2f699b4ef947994f6fdec54a96b8df5ea95f19b099e60054744e12,2023-06-07
190875.6052631579,0017bef5e9b4d1345ea2f805c406d3327a85056cf5dd6b32b665158647d923a3,2023-06-08
90767.76666666666,0018451879a79b1b9a65a4b0f3301a9ace1414b171cbe8b74c2fc33b54de44f4,2023-06-09
11081.31111111111,00184967451bfcd4ea489a0fea57d4d5b2920dae345ccf79cf812f0ed904c6aa,2023-06-10
290717.3714285713,00185335d8b917b7ce7733f9be7f5e6dd00e235baada872c6930ca43303a3036,2023-06-11
420612.7142857144,00185b97d758d5d60402eb9bd00a298a48b2ebb3b40e0ff8381f70310744d731,2023-06-12
533816.6187499999,00189528ebeebf5c87480e1c8d9e0e2ad9c8d5ac8839f73a58de57e0b7e57360,2023-06-13
349230.73846153845,0018a831faa91f3ab4a7027719b740c6d3ae5a210006c60cd1accb21d9583fac,2023-06-14
523893.4399999999,0018e1595c82a6745838fa8624b08d7d61c0dab28df8e03f820882ea2b8e812c,2023-06-15
76057.06153846154,0018e8429f33230131bc9a5a3a20693baa53bbc61feccaeee13ccd1258d049e9,2023-06-16
39520.58235294118,0018fcecccda753364ec006d4c1a9a5346de3afa0e2be78a1ed2318e18613cad,2023-06-17
269715.1642857143,001906cc22a6922eaf30c4b668427eea08cc287060b4035dca53eb267511e7d8,2023-06-18
261162.4,00190a87f4ba10cbab76973f63ced4c952e204bb7267f16aec224df8c89fc02f,2023-06-19
908312.7166666668,0019771a0c506d2f260e606d70333b46a856306f76a01a91d674a02166d5200b,2023-06-20
819703.894117647,001987ae0fdc02121385fcf2b5dc241c5b62213580f9667f14eab8d5f8e94602,2023-06-21
463032.2692307691,0019f8ab45c60e92a8998c9478272870fee07b01743282d09008d6a2ff88711d,2023-06-22
806976.0333333333,001a226b13327c200e5ef44e27dfffe17391f1ae191edf9e4a9f35a432e47e51,2023-06-23
384028.45,001a8e9b02793b5881d364d4948db2222127e26c242e38c742122fa21ae98fee,2023-06-24
370599.0500000001,001a9cf795698d7f44f7244660380f7488fea251986dc4a011a47b7baada680d,2023-06-25
406928.2105263157,001aa76f7732949c8483b40936a1c3ce52978a7ae879df77d5b4fd2fe95b450b,2023-06-26
2279582.1,001ab499e928ed5abf6a4182dea19be9b5a07961089febacf0c2acf1769f9d35,2023-06-27
810462.6545454547,001abc47c93765857e91203ad3dca7ddaf7b0f758c539ca1c6c115baf5145202,2023-06-28
319387.8466666667,001ac534b585a19737a1440dc4be544b3304c3573fe668bd9cabf9b02411ffdb,2023-06-29
46524.03846153846,001acfb81d665ceea15727dd2563953b793e758865c1d5db55e9c00110b05a63,2023-06-30
316784.50000000006,001b10fdfab44b47f70327fb44414373e14421653ae2897321f638ae5e0347b4,2023-07-01
310222.10000000003,001b1a2c6942c1afcb3de29f6c48e941c1496408e1866ef82129ef84f2d6269e,2023-07-02
638423.0307692307,001b3b4397877ce3e333fa4475b3f8910afa68e56963484f668ccd87be224b88,2023-07-03
352521.29166666674,001b4a6df90f83adc88ed110e3f9f7e5698e157b9524fb64b0d13b72f9f80e83,2023-07-04
15874.409090909094,001bb12cd8adc802607997ad1d863f3b2fa8dd9501555827159ad56d9e503cb1,2023-07-05
216718.60833333337,001bbe34669b900c45a084fc3720500bc4e71fc1c444b3bc8db24244c14ed841,2023-07-06
125.8375,001bfbdc947bebb4513ae9035c4df67f36e57621fd41e074923e9a21faed0e03,2023-07-07
559829.3615384615,001c02ed62ff5b0e6da8d94f5228de48917fbe82ef971dcd450a2189b9fe7777,2023-07-08
835390.975,001c206cc27a70d7f2eed81221a3a4c01e721572555009f3671574aa07f7d4e8,2023-07-09
114484.8294117647,001c30d579b3fb34bce0ad8f02083c3ba55561d9b2e0afd0deca5ad5cef8e3a1,2023-07-10
590742.7777777776,001c3ab40920176f9c417658bcb3966cbd6e3fac804506924ca256b67c1d6734,2023-07-11
217031.17500000005,001c41434da7beb4b689acd7736ad08e0a2303968c50c76f0eb24b0519740d3a,2023-07-12
417796.0214285714,001c6258026b550d536a486906f24a8dae4dd162da7d14e52a4673e28741e464,2023-07-13
2538481.1,001c77b6cde311e5c3291820013e6cddfee210ae3e4029c12f1ff9159a6cb59b,2023-07-14
721125.8789473685,001ca7fa38c9593a48fceda7865a577d5c799f2c28001ec615d8f26db8642907,2023-07-15
326808.94347826083,001cb9b90b4cb9afc3f20b248c232f04d2653a37170bdd2681d1508d488cbcf4,2023-07-16
2668690.3999999994,001cf2563cc0fa21264c2b6feeb6bc6e8a4998183c711f9cb739494888f3cd57,2023-07-17
619804.5800000001,001cfdc5a99aa00e4a7761626164b92fbe4d47aca66342154ba430220b727110,2023-07-18
1239701.2285714285,001d08c2a4fdebdabb4fe3a6310226611ee3a597b6ef388e4c0b2ebdd0ab6b52,2023-07-19
322790.24999999994,001d1f80a98160149a51ab0a03a1333a0cc69c46a2bc7b200517304f444157fc,2023-07-20
198602.88,001d250030b4122457890c7d4dbe75a6882887c4032c0f5865412759df00c40d,2023-07-21
171671.3714285714,001d395d747ad9c195d17c3a87d5ae817c21c3065f2a3647e273cfcda1ff4efc,2023-07-22
1348964.2333333334,001d91541a2b81fad16122c349eeed44ca27210d251ecc4feff50e4f790e8dc5,2023-07-23
433613.47777777776,001da20302749b7e34f1728bae0d0cbedeafcef8eae8dd78d694b9c167478423,2023-07-24
1222534.9142857145,001db3ac6deae37c346c6c17f03e4ccf1b31cfc7d7d9bfdfd6a4eab3ce595e61,2023-07-25
28927.5,001dc53ea85e811ba72c62ae12e8e42cc70a530705eb3f092ad8fb9455dceebc,2023-07-26
774311.7,001dd847fad65fe4542e358b1809b128d36817bc19bb9edad2063b55b6f89c22,2023-07-27
838311.45,001e0416846dbc6aa3917d4349e419ea49b611dd6da3c12134515e512f4eeac0,2023-07-28
1188623.8,001e19d96ee48edaa043b6b9ca967b68d8a8934af7aa9717511dc95389a3bfe1,2023-07-29
214305.71666666667,001e4d4b89c89559a0f4f4cf5affe7ac4bc1c09b970a5bb1023f2abbed11994f,2023-07-30
310020.69999999995,001e8286e95a6a366e98aaf101a5cbd69ce0990f859f4f0208a014d1890144e4,2023-07-31
106371.8875,001e90634911d6480885fc825ddffa81913cc0670c94d5730a7f7c09138bb1be,2023-08-01
540586.7153846155,001e96fcfbd26f8063765edc4ec557d9be72dbd333b3ff88fc322fc674b5b227,2023-08-02
258991.57142857145,001ea965a0f5d1e381911849bbed42d5940d0c62ca2777329db035dbf33dbc1a,2023-08-03
367956.65555555554,001ebeea3251216be552b82e43ee6b48c5d7aeba2a04a5a6f0930ecfd1a394d5,2023-08-04
389822.1583333334,001ec22a6c7df047d387ca3222b3c8b813793b6d980806475618201d35ab73d4,2023-08-05
632032.225,001ecb7f47e5fd8ca51ef95a914b68aa1f64b247a9aaefcfcb54fe6fc2796cf3,2023-08-06
418431.1055555556,001eea5540c191c13e104ca61d26c198dad575e60b38afb7bdef1ce9371af5c5,2023-08-07
138325.25999999998,001f16dbaf971bc8729519c310769cb841befe719a56d33a765e92013e32dca3,2023-08-08
172400.125,001f3351193ff16448bb6f7084ef484e42e640ae3964ff16f20d952f15138924,2023-08-09
189465.4,001f37f91c4938cee538254bd2549928d44abcc4e32d73f869c44bce03e6a281,2023-08-10
98097.04444444444,001f5875f67d6fc7515c5c0ff7ebb820460d37f6dd55ae673bde2e2f20d3f7c7,2023-08-11
213917.7285714286,001fbd626e12752767c31eee14697dfcbab49205c58a3f0fefdafee6d738a685,2023-08-12
92245.07333333332,001fdb7eb7f2f14cf4c286604a01775d23dee7532f47926cf23afa283be52992,2023-08-13
319995.775,001fdbff1911db3ad2c00f6cbd2a231fbcc1fbe84e4b763eb8fa60bd326845b0,2023-08-14
113269.875,002012feb1be5b7ac3a070f112ad80f352fe7e24c1f1c6119fbc5cd969e3b5b1,2023-08-15
328807.43333333335,002065690fdcf1d01dc40bec2329e216d79d4dd49ec9b2d3e4d1c4302fb7e980,2023-08-16
258574.5428571429,00208c77b1852ea797d5b86a2c7a8d2134b1dd2ca4c7bc81e1e1a128dacfe30b,2023-08-17
1088955.225,002091c0b18b3cd842bae54b366eb563cd2620fcccbb5240d1bbe39f2423da24,2023-08-18
309823.51875,0020eb2da169a5a12576684e9c78a69f39847b7093edea845cb1671da14c6a10,2023-08-19
338594.53,0020ec6416eacace221ee4b930f0ba7f9c8a30cb3f5ab7c52a3e5101c1f5986a,2023-08-20
281161.45,0020f115a136c0dcee117d382739d4a4e614a62e771795e1f1380c5ed9873bde,2023-08-21
1417639.9625,002130107bb339843bb36396d92029ab2062dd9b76d2d17dc8fd8498d031e421,2023-08-22
84906.41428571429,002162edc9515fe4a095b30051db464de5e2214113cd15aee855d879571d07af,2023-08-23
122293.72000000002,00217dc76d133522d12fe4fa17e91dfad9ed28f72ae08ca8ae7cd13e4960f609,2023-08-24
1365126.1625,002195e945fad847a47118067536849c3745f39161b027580687479bdd8a39dd,2023-08-25
738849.05625,00219c34e9458c5a9a0a29efaa6e6799c3bfb062df4a54a3514f774fa0529a7b,2023-08-26
476270.2,0021a259fd98d0be2307b2400b3b0347cbbf31da63259fc25a2ac5eb762786bd,2023-08-27
666202.6,0021ad83977f5ed8e8d0193a17d16e05c56a515446e48a2df7ba30b6e4f3b495,2023-08-28
482618.0,0021bd06457c851751ea016d88dd206d9c749044cb0c333a25b88eb88501eee5,2023-08-29
223214.25294117647,00223549587921362944c05e7de6abffe857d135da454e70faa6676d44f11f32,2023-08-30
346855.5142857143,002237e2c6a0d0f14827f602f9d13d371add456fa7ba016cfb0e42bf39a8ffbe,2023-08-31
30168.64,0022441196b575cc5c35bdd6073eef1e5a1ee172e746c4029c2da35927fc9ec0,2023-09-01
229109.66,00224e03660e5a29e6e6601b073f0558d566f30c601942e6795b7fdc8eb918b5,2023-09-02
454866.29090909095,00227e5b3b70d41d7655ebf13966a02dc2a0bef2ec84612c5e80ba085c07d5a0,2023-09-03
117951.65833333334,0022bb981ab350d2142f19144d4c4edd6b4428b88dcd6a75b8590368569ddf8f,2023-09-04
43633.59,0022be7964b0ef420dd2bc3941f9cafdc8ebe4a6c4ef1bd2e4ed36bcdd8102dc,2023-09-05
212002.525,0022c0c2dec9f703f0c03e0cbab29d02e40a71397a297e2f6604130c740ee14a,2023-09-06
471904.4538461538,0022c499a216294f6584c564c0626833b79fb8e196a52e0d9a46e8c23af45dc9,2023-09-07
375080.42,0022cd8f09f8234fb39e1133e6adb77471e752e2361bcbf54ef0679ee984d19c,2023-09-08
684033.5,0022f6168aca479716c4e49984a3f02cdcbbf064794459304f9c0d4d5c5362cd,2023-09-09
1805073.2750000004,0022fc8b3f023d9525812ab90e25a2010e3bba6fbe20d0e4ddc9dc062f6f6906,2023-09-10
154863.30000000002,00231eafb0794a522c3541552cf8a1f0ef417feb995e514498cf56133a862951,2023-09-11
260069.1,00233dea87af7ad5478b06b7cc162237ca6a4a4dee78745d97c1e4e4dea4cfd2,2023-09-12
1952288.29375,0023655ae7a63dcdb82ccc7bdf4542b2bd71ef616332f1f4daa00cf061606e29,2023-09-13
90364.9851851852,0023728d4e5ce85e6082026bba426099dd253ccc038aec4f8f5058a3a2716731,2023-09-14
227806.2416666667,0023896057e032855d7350947f26322e5c8829735683c8265bf722e70d46c50d,2023-09-15
65586.06923076922,0023a44e49c4405855a25cb4e9798470fb3088ca5eaf9c90b55397e8895023ab,2023-09-16
860674.575,0023a5eb421822ea9a929cddaf2af997e6869fd0a7513571c201ddb57ae17989,2023-09-17
169525.93529411763,0023b87013b1c8482d86b50814e13945c2750638b05514891b6eab5138edb8aa,2023-09-18
690653.6714285715,0023d0bcdd895afd0be59c2d62de69ac66c0e8f8e63e95f1b016657b132b32f1,2023-09-19
313376.2,0023ddfcdd95834fe062c3ff137fb8af145c06d66e86dac7222e0238fa8ca3e6,2023-09-20
955625.8333333334,002412ffbe79eb49c9e283439637a0a997b6958f9ea4503e4fc2caf4d00dc1a9,2023-09-21
273975.50000000006,00243576667308fcf8befc0c82b82a95fefb052e2bb99f61b6c1af0622ab6b51,2023-09-22
299768.8692307692,002459717623a6225124a288a31688a5e41ec9133f8911c0d0d1fbc16c88e538,2023-09-23
129806.06470588237,002497dee51fa6b52282609aa9e9b6196aede2b3b2094d00029e66b9f6ceb06e,2023-09-24
577641.8636363635,0024cdc466120baab2ecaf5e007d2ae1eb817e6e545c2fd10d03edd9cfa079db,2023-09-25
364006.8882352941,0024e2604c02482f204f44c295e99e53c6f6402c890e082a875f5a1ec726c968,2023-09-26
1300370.9600000002,0024f213bb90bdeab89b3a4f9ff212b5672248b7e2ed086658d05635344f7dd6,2023-09-27
73475.15000000001,002519ff55627f1b5ac94eaaba4f5f0521fd46ae5c5cf26d06efa66726e93627,2023-09-28
567479.7235294118,002543a25039eb78620e90241819cded1baf0da98a3fc9ff4b7898345c700328,2023-09-29
741624.3,002548ea4dc29d11e147044f78d401022175d7918f8f68493ff33e6140608922,2023-09-30
4455653.613333333,00255d2f922e59dea39ed9507353031d7ed3932b8c9356e43dc58feda721044f,2023-10-01
304575.53478260874,0025a38928e9a137eb834006b3ae7b829d55605efe8f6a52c2ff2cd174f938ee,2023-10-02
50641.31999999999,0025a8f1b2ad7e9a769acc192ed6533055fe92fe39b48eb47090fce69cd80c6f,2023-10-03
294169.04000000004,0025f45070ef0b13018fa2844c368092348bb5f139efece7d5d8536d6892ea24,2023-10-04
278564.1666666667,00260fad219bad0a719bac8594ab915982fcdeb537bb9f0cda87e20e11a507c9,2023-10-05
972444.325,00263c841278bcc580d7552edfbe2b4d10b04e557661c08282e7fb69034e1520,2023-10-06
264402.22941176465,00264b21f91c5231b8f4abed5fd962b67d47797c812eeeb9a129bc3c886edf7d,2023-10-07
455085.0,0026517257a892fc9cb4ab1ca8b53225a3d21932212b5f4e560359c9363f2747,2023-10-08
237908.5176470588,002653187474810b647d02fa5efbbc2d66b09aa0386b6182c77256595f73a980,2023-10-09
362524.0473684212,002657f9b82a9b61451c9263d2d8d3a704336844a3fc8af2e2c4d1faa1da32d8,2023-10-10
881722.5428571429,002664e41a83b482ce63ba4c9a9a5737ee4607d75b2b7813adf453ec68a9c6db,2023-10-11
156697.84666666665,0026713ea9da4cacce6db9608bd9254f58267e6d9566883c3ff7602294193d0a,2023-10-12
256547.76,002685c4ab23fa5e032ce558c688b8866fb9f35a8deb1488a07eaea54d9626a0,2023-10-13
633532.5625000001,002688b02e8ef6752d0cb7635df94f1a2ecf7d9030a9bfe63bb84351f5a1b384,2023-10-14
915664.7583333332,0026dff2e048dcc331bc53140b38176b79418954ca951adfe3664ca4dab8e0a0,2023-10-15
11381.05,0026fc25cc58ec825f494d6670136b82dde4ee623a3de7822ad203de37481916,2023-10-16
273408.6117647059,0026fc3bdf66dbb914e3c3551f73a9f2992f89771048fdc1c481563a21812178,2023-10-17
39718.38888888889,0027116a16b3b4123f2b5b6f52415c3656c39402d078e946f6ae57b9ae0f0516,2023-10-18
141520.575,00272f6befebaa0a9939f97f48b33910360c7bb1d04cb9e57df49928d8e13f66,2023-10-19
329391.3222222222,002741232a676b68d8c3e521428dab408d320d16211e8067bf5c20736392c94d,2023-10-20
473780.80909090914,00274a073a494a8dccf1bc592ae13abb6eba2d526656c64a4ed92c919b80e43c,2023-10-21
1025511.86,00274e465075ef396d05c6341ebc4c98a7f88bacbd9a926d6f7dadee355c5fe4,2023-10-22
409336.1428571429,002753bba659b36c51e87f9d07f4ba063d4342d296f2b1b4853bda588ec427e2,2023-10-23
426524.11,0027681ce4ee1af3b50b3d7c1c548d5bbd53152da73a1dbd6a638239df9d9f2d,2023-10-24
63409.96923076924,00277fdaeb1698116a75c499f491ec5299dc998efb8e478e4eb9dda939b6fbe1,2023-10-25
462077.65,002786456e0f9cf9af35e32e7f4fd0e50a5a7a77922405f51cb829d0878abf14,2023-10-26
222213.77,002786ac71bdf9da0cc3b134cd9c3c86ba7a1fe92cea5f54928df7026cdb1205,2023-10-27
374411.06,0027a549ea6b2aa7ac45cdf607efa028bb43f5b9ece0c1ddc978de47803cc464,2023-10-28
220229.3777777778,0027c309cfb9115b732e0e569a547be12751698c5d7f2c6b98cea4f428239cce,2023-10-29
274191.50625,0027c9c7390997a589fc5c4e516eab583ac15c659dd30406cfd859a42662e408,2023-10-30
762927.34,0027e7d3664995757880eafb84dc4db56d5a7b5508485b4414effb4233c1520f,2023-10-31
277496.985,0027f09fbdb548cda995bb5d36b54488514d24f15c73981ff8ad09c2e0da6f46,2023-11-01
291.4,0027f5132df2e300d3a7c7ef9f2e76a2a182a34b16acd43d84784eee30b582a0,2023-11-02
281342.6625,002838e054e03c5d0ea5fe55d5fba1a45a1e3c3b55d63a89df1953ed96ecaf5d,2023-11-03
72843.34166666669,00284dfaef488da5ab5a8981a05527f4cde46f4ffaecfb604fddf8f370de048c,2023-11-04
249361.3909090909,00287fe747e8930f878bf278dc84249dc2dfb484ce279317f0b3c314c3492616,2023-11-05
595051.6111111111,00289f509a7d4da30b789ae349c6b36853dfe7653e481abc612b4a761d8432d2,2023-11-06
753521.6800000002,0028a64e245807e25e780ae0532341966603f534735cfd3cbfe4b65e1d377088,2023-11-07
15882.41666666667,0028ad6b57b60b90d5fc59c6169fd3b0ae9ae0cad9c53ac8223565598a02dd4b,2023-11-08
932119.4866666668,00290c1a2e4307ad5f9efefe61a0aee0fcaa1a3f5a7349764153bb36c28da010,2023-11-09
208122.23846153848,00291f2baa22bbdea5d41e902246ccd781316e1e1fa9c849e18e4b72609c6325,2023-11-10
1119252.7285714287,002948ead57d283d48acdedc57291d005d111b5f2bf1e7f325a7a1aef3185129,2023-11-11
359055.61818181816,00296c1d5f4eee082791e9ad650aa7b5fb5a33d1099e73c7327c39939ededf19,2023-11-12
200614.84,00296ddc3f3afe93950eb0ac6b1f7f61ff5b2a1c8fcbbfcd196dc0c40ee3852f,2023-11-13
80711.13333333335,0029cfaebcb7349faa723cafc7508a2d4ea7f039ac58e1e3863d748325a225d3,2023-11-14
451226.7538461537,0029fb2fd1d3e92c542a2b614d983a844823fa086713230bc06db211ffd404fb,2023-11-15
1627510.81,002a03098fa9e3398b6fedaf7cf955524f36153a4574ed7bfe2a3b1752376d37,2023-11-16
636220.5785714285,002a392315080817e01817e807379bd886002786359905f169ec23042aa0d580,2023-11-17
114074.41333333334,002a88a347235f7766e7dde68a2dada5631d887158d971d45b628ce42434c153,2023-11-18
320860.9083333333,002a965a77c0a280e3dcc10cc68a06b481afd8f0306ce7b700828629062ac35f,2023-11-19
377387.1,002ab3308d544290f0d0683f3cedef736367da302f65b5b547b09112feb4f1cb,2023-11-20
100302.7111111111,002ab4472ad1d4cd9357c9368113ef125208006faefc0ee9c45cb8bb53382de6,2023-11-21
225136.24285714288,002ac7d29e43c39d3568e761d700216a3b2e361cd3b9a34a711aab69c78be010,2023-11-22
1170574.6857142858,002b0e057580d661a08af56006cf19ecd02d956f3b0b13a95bacd01678daa4de,2023-11-23
232306.72000000003,002b1827648bf2903913c26faecf7d1a0227486f5e4b41ecfba41c4c44229e96,2023-11-24
678957.1352941175,002b395e36984bbbfd3bd8a3000ce8ac63c8f214ecf5d0b45983d2c010e55410,2023-11-25
5415.246153846155,002b39a9a519ea44a8b90700030552f05f4785ab611036dd9533821fc054715d,2023-11-26
1191439.25,002b45af52e775ee28a5c2894b6ea9a8a5ad9ca663e51d7171c9682f01444951,2023-11-27
73308.4625,002b4f399ae31a1b6a138b1bbba6dc3d2b2639e5bdc96769362bf6863a690596,2023-11-28
69320.8125,002b683daa7280f52ac5c124d9aa99676ec03cc511f8e71f930266073deedf5e,2023-11-29
826546.525,002b6fa722c150b22d0e8a3bf42137a63e3b1ec18d6c5fb91352630c5f268150,2023-11-30
266202.9214285714,002b8d6749b5df3d129cb4b3bf5b13e901697d5b439f4b727388094d38af1cb0,2023-12-01
351625.5888888889,002bdd1da55e120694cb294dbf996500d7409a3b2483d3a5d18d322c08675f37,2023-12-02
430043.6090909092,002be696228c5aef2dd4b5b784ed3f924509db671c82ec667cd84a9d22827487,2023-12-03
222053.4,002bf0216e805f0a8687f237e6b146cb2efced98fcca5599e8412adf779f1611,2023-12-04
301100.66363636364,002c1347a13e4b9073e7be1a83d7fd5d2a620bd85c9a772de446fe4ea78118d9,2023-12-05
487028.36,002c19e8b15da950bc85349c0eabe36e154fc35fcf393bb10d48d3735edae640,2023-12-06
182356.00000000003,002c34ae76f1a5fca7166211944d77649a52a23bedc2d461addd3af1624a9ea1,2023-12-07
634.5999999999999,002c494d001dfc75b5751b2872e1c7683c5eec60e372225723881c5212eb3979,2023-12-08
618847.4692307693,002c5885250f18faeca47536733c6fd4c6bd09b235f062dff4764845904c3b47,2023-12-09
625652.1666666666,002c610a333b0f900d6cf6aca07c61bb9c88b5c2587559fae181cc2ff2d18193,2023-12-10
103830.8705882353,002c754f060f40a79979fd3923a32f409288d2e6b2404b4e73b39b6a134dbdba,2023-12-11
634850.0799999998,002c839d03fe78416b127be75a185158ab4ebe6dbe506fa4f80f54c849637721,2023-12-12
55493.18333333332,002c877034067a090237266d8eb9314e56435f07ab8b7e6b22a231505a042f19,2023-12-13
989851.6333333332,002ca72a99701a0691c8f9ccfc98b9ebe8a3f34af17e42f919328d0ca7f0c357,2023-12-14
525263.4454545454,002cc09051742a3f16d822971cf74189a9537c94efcc7973070870e60a7f547b,2023-12-15
176066.95714285714,002cfa70e85e123f8a350524df46740764704ec6327f07bc0e58423458aa33be,2023-12-16
351801.62,002d37c1204fb747795461928e0b2783628a8821a1afc836977e4df47a634e87,2023-12-17
455233.475,002da42946c0ad167f03c44c86b4262ba63fb462ad173229982901a2cccec817,2023-12-18
144615.3266666667,002dadc4666351028e22703a94113f78ea2265e616b3eb2b359d88dad77c1060,2023-12-19
164361.36111111112,002dcc1ed6581ae7fdf8064f5b34cebaa0b886531b7299620dfb001a399f26c9,2023-12-20
875322.1727272727,002df1439f439d27c5c681a0f08340456a1cd22a5ac31774953cbfe0c0be2a2c,2023-12-21
846287.4600000002,002e17979177874c775cb047321a168baeebea3d263621c70c13d43a6e15479d,2023-12-22
193082.86666666667,002e40622659347beac73fc0e6dbb0aa59bf77225c411927d16ffc446d49d5ac,2023-12-23
553173.6875,002e9a57259a7885367e379c87941ff146fe8a473b01a21bcd65d7df0ddb8fc8,2023-12-24
986896.1857142856,002ec36d059dd2806aa1662457c91b2e455a6a59a9ddbb4b37ac9fb6710494c9,2023-12-25
112187.87000000002,002efd7042484a3891db44192c08d55f42147f2a405ac7ae9e8fabffbc23edbb,2023-12-26
74486.88888888889,002f2156c64f2834ff7e78f07b5a197b6f1d5da240bc5e0104524a9ed236047a,2023-12-27
219223.815,002f455ff325955f7f1455f1c66259249d52ed909928988ea0fcd165185a0e93,2023-12-28
91666.8,002f64b0914e8e9d7120042911862dca36a4470243df4fd9b5b695e4041e10ec,2023-12-29
199826.61875,002f84c6947b7c0e4c4e3318a47eb1495f7e8e0a3c8a490884a55d26462c790e,2023-12-30
274750.8375,002f8dff7c41ebe99efb27ad493625874a80d9fb30c9f0b59fddd1e5d53c581e,2023-12-31
265021.175,002fc1f537e3f1023bcd24b1b8a0842444169b224d810b8502f83f301c77f24c,2024-01-01
11176.079999999998,002febe0e31b9e788f140730536bbae17519aefa243ba9af56ba1ebc21568622,2024-01-02
96073.85,002ff8b668a0e6d58ab2c8b1e902bbbdf524a73e93e99013a9f899e0ae6a5431,2024-01-03
670098.9733333333,00300111a55d39b29de0055ff765d0da3094ff3f07a9fad7cf674704ea0fa444,2024-01-04
204803.1647058824,003072e14eab6a91c24785901950bd45e76ebff9ebcb3c5cbdeb85e6cff12710,2024-01-05
62237.25,00307fdf412587a7b7efeb0a7c971ff71a8fe5c41737af5af6ed71763b982bf7,2024-01-06
423055.76,003084b9936dd4a902606f4206d33948d2c071c7a09bdf70ea35a632d4bfabb5,2024-01-07
950618.14,00309542476484cd8dd6d12ba06d85dbcd96926e4ad2b3ea3e47ea596601d0ba,2024-01-08
1199256.12,0030a1ec1db374cded1d24a0329873cd1913cbcb63ed6235714d59f2448a12b3,2024-01-09
273081.1470588235,0030b4c3dcea462604c80ea1acca73476bb52dd46c796fa991a470dc4b25ba48,2024-01-10
459028.66875,0030ec7b95c9872014dbb0296dfdc31d1bb70caae25b245f0c2b8a231562af5c,2024-01-11
268261.0692307692,0030f35b4125e9d1ce9f648866816a8d833826d35c3cd7c4f3366e2e8a75ad13,2024-01-12
205127.56923076924,0031400223535f7befc651b776116ddeeea8a54b9482a4aae56f75d3d32718f8,2024-01-13
571262.85,00314bdf223bea1d30e6dccb8a9e9abf4e0ccba62ada2cf7aa3668c221d98853,2024-01-14
616090.6,003163befce96ce5e97bd2e0e7e0a8d5f44f006cd08490c31bdeb81138a9d5f2,2024-01-15
541987.8076923077,0031690a89912e70c2abe27684a817dc9e4755557fd5425ad3765e9e46fbe365,2024-01-16
142536.05555555556,00318f9fe8624b64d2ee961e3771e30fb6a8150cef002ae9f31bf452e76c08e2,2024-01-17
577056.3444444445,0031ec2b09f0d95acc78905fd1838bca4bbcd905edbeb957c5d9c759456f98f8,2024-01-18
344183.28,0031eea8cacdc111fbdbb6658fcf85b64b19fc17c90fd88cf4eea465594961f1,2024-01-19
194284.53,003221d56f4791d10712e2261f5b2a61c30610fcf21b990c5d308bb25752e3ac,2024-01-20
277585.8111111111,003242be944c6e2b6fe98b8a7b8d9872c006e6364b0871184dad3c48472d889a,2024-01-21
230380.04000000004,003252d303cfa3826584eeaf1fd9c37f5c0b30217312832a9b78f4e8e2826ba1,2024-01-22
355310.1428571429,00329a7ac23bdeeff4d488a51bdcbddb4aecd5e94ee868d03675ef4e7d521185,2024-01-23
497972.0266666666,00329dcaa07212fca43cf101dd40c7d72fa3f6e83e3909eccb4820d2c0d31690,2024-01-24
113511.80000000002,0032dc8c15b2a246477488cf4da86c748543e5ee1d3585fe4ac9c6c746e53bfc,2024-01-25
1213896.5000000002,0032e4de3feaecbaf6dc3f1872d32f142f02c31a9578a4219e683dec0e497346,2024-01-26
140190.18000000005,00332ada64ab811c74c5f530f3f8e055151ade7ca8b265c36cb1c4fae68e4220,2024-01-27
365501.7428571429,0033469c4f6feda8c7d3590427e2dd58d4fc9f6db1565985103a26315afc2f9c,2024-01-28
1495023.4499999995,003348a871a3887fbca04407b2b9b246d6e740e2e6101aa52cc8dad2322b7030,2024-01-29
224613.9333333333,0033923dfa76bf787c5f0d903feabd10192a83f545f7045de371f46462f4fa70,2024-01-30
174770.90000000002,00339fc69248f762d427aebb9435b27b2f1fa24808fbdb30479cfc32b2d01156,2024-01-31
580723.4636363637,0033abadc74571c4cd62cff4ebb7ac72b66e90544aa3d25d488510f3a417a794,2024-02-01
108506.09,0033ba4864333c6d33f43b1174ef61a4c8599ff6885416976f0c8a0b1cf1ab81,2024-02-02
189214.78333333333,0033f18079536fdcb5be5122c65341baa5667b14f4a3d2d5a20215f58ba62ec9,2024-02-03
16557.6,00340d77900713b7ce9a5accc85a03aad0d00e4e0acf108dfb047ee0f30f4915,2024-02-04
255383.7833333333,00340da8bfb711503c587b95790fd6e50eb42f2573babd30e0878288c9d4e481,2024-02-05
501415.8411764706,003425d27368303404f5dcdae9bb233509ff5bcdb290bd87e0b6b6ba07ae9ec0,2024-02-06
64870.03846153845,003446f37c6d87323b7b32a01fc617d42869a8bdb4ded8c6c3fec0f5b3882edc,2024-02-07
300369.44999999995,003447546ea0cce9b3ef25d0168b2fafd85252340ecd2702a152240ba0ce06e7,2024-02-08
88904.83846153846,0034813286c20d5208620d7070750f3c27ddf129908b6764b7b848c731ef8d74,2024-02-09
101440.87777777776,003487cf8a9177342f89f1a96f1d2ed9b4be021c45d7f3ebdb8bed8d71a935dd,2024-02-10
408559.315,0034a697a1709d174610610f5264165ba73865beca2eb2382bd8fe24b723c851,2024-02-11
102435.83043478263,0034d7a0b1f68a31ab8b2cd3f8c1d2ee4a4d5d599de0c8b605cbe815af619cfb,2024-02-12
936536.06,0034ee299e5517a7346c4e3bbc5c79fff00b6dac89ded690507275d2b41c832c,2024-02-13
172665.71666666667,00351956ee3d075444eaf8198992083b53f5db65177d6142e7509427b4eb4d75,2024-02-14
201645.99,00351cbe2dd4e5d6a17fa36ce1810ec23b01f7dddd5183c2b829eac4e7b50b4b,2024-02-15
1305255.4555555556,00353e287a3201a9582b678c8618454e22056f7b31d4bc3179ccaeafea0eafb6,2024-02-16
188255.56666666665,003555c58f9e893cbb2c1e83d0047f4893b495ae3c4bf4f1e88ded58a29c19d1,2024-02-17
377218.4111111112,00356746a7600cbd0949cf064c5ed19326efbd488f45f74c1b15122a2e0ecad4,2024-02-18
915886.0875,0035a2c40579a8589862a74e8b803e3a13552eaa542eaac474c9bb17d1b476f4,2024-02-19
183316.17,0035a408c98029336fba66d8e2bddf761cb4980ea9dabd882e4046fd83869c47,2024-02-20
1892395.5916666663,0035ad56c6f1341f52b353e012e007ed638459f9cebcb1b24da49a208d8a93ca,2024-02-21
354746.02222222224,0035d54f914d558bd6fc6d33763dbb7c393822468c011a72e1568f8546e530b1,2024-02-22
28304.276190476197,00361a614916902a393a4c40b95069f609374d2e64e63b5b5a1feae4c0b51297,2024-02-23
604699.2052631578,003631c94527039b3c973ce80d0d1fb660ac36d445b5b7025a4d5e3c1ce7d22f,2024-02-24
41992.47894736842,003643b1910b623a1db1c9d0dbda22f7cd27485add3e7d904421d41ed7f84403,2024-02-25
429974.3777777778,003664869951c682876696b40d243bc63b1a7067a784b0bb490aaa53e7684af6,2024-02-26
269076.915,003666ac2551424302a1968a089edcce80cde01ee5979014b6617ef7457bf7dc,2024-02-27
447879.8842105264,003678f2c84c2283b9009a319b84a87991822af35ed0b27db94c92843e250559,2024-02-28
162658.26666666663,00369027b16fdc42c22d7a8408babdd9650beb004f7fa30c8a99d5415c1beab8,2024-02-29
677958.9333333332,00369d68a4818167c847997df8a7e05b36560251f39afaff76a630405cd8451d,2024-03-01
459136.06666666665,0036c214c443e637cc9d7d5a13528c5e1308f6677446b60cea16ab53c1a3bf88,2024-03-02
685975.91,0036c355e8a2d77171078a34ebae2bedbfd1f785f1959fd4ecc38d1c0e6f7a02,2024-03-03
11424.05,0036e18804388721270a89c97a703dd1b9638dbf92684d17b1fbace4c86c7f0e,2024-03-04
104200.99583333332,0036eb967be87f80b59a91e142428ad3a94ee7090d5e2795d7ad50847dbdd388,2024-03-05
380739.00625,0036fddf35fd1109d7ea881e46573af1f53d29612792bd7a5f0b34c94b68800f,2024-03-06
199095.93529411763,00370a6b9ce659ea12f2301d8a09251f6e0d935efd985524a203486547261bcb,2024-03-07
249989.51666666672,003724b3c06fa79a91af41bba9e6c186a4e84612685a375733493ce0ff5154b3,2024-03-08
676552.4666666668,003725935f5d5b48a828560311b27c317d0fc49ac7a651c99f4b04af24adff78,2024-03-09
1602320.3857142858,00374c66b071dbebe9e02aba8cbc975150914366fcdaa592a575a9451724f805,2024-03-10
304825.0636363636,00375d7362b8e2e24f7594a8a2d6f53b2724768055629f442bcddb51a647e598,2024-03-11
1226314.1,003788815ff3ad50e98ee2f300e7cff8bb39d405bbf501d4e65d1b4883441fd0,2024-03-12
371920.77777777775,00379a72e01fd32c3e77c9ba0c19fae0b57d571624914806e0126199aa104b8d,2024-03-13
16932.07,0037bca94afb8fe48c333f19200f31975ef7cf0f9a8f92327f36cda2af56a8d7,2024-03-14
966442.4727272728,0037d5f985e54e4929672824646acfab4f30ba7ed0bda49cc9f24b96db58283b,2024-03-15
112941.84736842106,003816151c7567f9a2fa921dd2a4cb6ed96f07a011211dea0e96519ba6d9b952,2024-03-16
120861.65263157894,00382b7f0ca2c79a59e33983b32ad9277a62adc54bc4031a76cba84548cd49e5,2024-03-17
5004.200000000001,00385ecb944c5476def4da003864448905c1f40cb89b35d62e822aaad84939a2,2024-03-18
303857.39,003874e6475f3799d6967050813529563372d386baf32a9d779f491d4f5413f9,2024-03-19
1541099.1857142858,0038cd73e355fc2ed6fa1f7050d3b87855ea2eefe72fb7baafed1f5319093260,2024-03-20
387553.48888888885,0038da43b1deff029e59998770114fff008408ac820a3c9c1663637f7175eee4,2024-03-21
663339.8666666667,0038e97e02b9ba589b765e055096cfd7a36c3bbaa93f268bc6ec807375a0ba2b,2024-03-22
338529.475,0039374796380652ba90e7a143a2bb1905fca4e4413612f5074fadd760f4c1c1,2024-03-23
77626.325,003946bfe024365de0088a6243a770a1e5fb13da95c8d7c2290cff7405003675,2024-03-24
1312600.9400000004,00394dce69f78c8978519b867395a49d26d4beae33c941a2aa77b9589afc81c9,2024-03-25
1757307.985714286,0039a56b15b206926310121ab1d953481f5e146244c65a37492571fba9b068bc,2024-03-26
64970.0125,0039ffb475bcc585588e6fa38d9aaaf38c8d2afc567de470a1be596a064ab81c,2024-03-27
1067654.65,003a356f0902919eb92fa136e53aeeb9dd33257a5f3a36e2a38e4afe92b24d39,2024-03-28
142284.48000000004,003a4eda22d004218aec79b115f4e9069367a2668145759ed7f67337e3468a20,2024-03-29
323801.8,003a5af315ad71eb5eff6cbf3f5e29f40f62f0e56e7977b6fcacbd0aeef9e474,2024-03-30
1754688.55,003a8fb6bbce208efaa35b8c465ca1d2db533f45e2e8570c40498bb4e3bd61b5,2024-03-31
9157.280000000002,003ae028339d9e9b95aa17392c369dbc8692bc36a058f20afad93780f9f67277,2024-04-01
396108.73125,003b161451cd776b03ed8a209311ddf88871c873f3a7dc84c81df04af17194e0,2024-04-02
117154.98181818184,003b23178c7a1aee81c4d41c0fc713448ab7b4976a07c4ca1faf26c01a287fd4,2024-04-03
2327.328571428571,003b4a909bb6a61bbb6d771fbf77be8ddd7f13abe0ae3adf011a9795d74c6030,2024-04-04
225700.69,003b4fe727190aab1673608332f443c0a530178ab78ebfb8b65774d869ca1266,2024-04-05
773597.1562499999,003b6b7bbc884dfe5a5814a8544f167821c50c0c3a94d7144c2bd99b46079bff,2024-04-06
370119.3090909091,003b747f88a0109c32ffc9091f09e2bfbf7fa1a7474572403b6e26a5cdcdcce0,2024-04-07
274284.9142857142,003b931e810cc28629a1163b7935f01f594e92d4a5975b0f9fe246b423622c54,2024-04-08
380123.9777777778,003b9ee4c43fabb970bcdc9dd5bd4025018fc362b727c61daf1a34ed6ba36b70,2024-04-09
205656.3454545455,003bb23eaeec85534256778a0d374ac027955dac57fad8637dc8a873b3b1e10c,2024-04-10
374473.8875,003be490d7674e2ac32a55c0df6f48f37fd5841a0640bfa81f2e04776c19cf59,2024-04-11
576548.3090909092,003c06dbca35b46fedb9ded2cdad015e4684db32392ead64fb302e846e12f6e7,2024-04-12
563407.8999999999,003c3121787719d4d92c63b0bbdc59464e6e7e639f19ac40ca30e0a8ca7da52b,2024-04-13
312622.27,003c3c5f994f7cc8c027c84121327a33ac53460f617ec3e4c6e9fe41c685f1e4,2024-04-14
837781.4333333332,003c55589421d0746efd0dc5148eea10d8d521f1c568880cb228850d119c27c8,2024-04-15
205066.72000000003,003c6b5684c77c39bebffd3150a2813c287518c5ccb67d9db4dcee33419058e9,2024-04-16
17881.5,003c770a97c7b4cb3e31022f8443e89792550e0dbdbe5c8f24c161fcf15649f8,2024-04-17
368934.54999999993,003c87bdb58e2b9082fb6ecfdcdd3d026ff3bf8cfc230d6d7e91922bf224d213,2024-04-18
202853.63076923075,003cc014358cadebb0a371e9ff74f24737ea22b7bc1d4732af70c9044e468fc4,2024-04-19
384729.3333333333,003cd3f66d3ea0197851fe56e0e15303c5df505c72b74c68644a98128b9f5e0d,2024-04-20
406775.54,003d0c2819a9a1f5a6a608fb0f5c410c5f73f0b262daf5b680ffe80ee1c67bd6,2024-04-21
511858.7222222221,003d291fe4f990e94556a3aa07d37fa9c1164dfeacc05f71f60ab13f6bf75ef3,2024-04-22
455578.34827586205,003d3e432edee612f60f9944aa6a6406476ed4e75fac55b7907b2feb7a6f70a6,2024-04-23
170218.6285714286,003d43b6e1bb6ca00b57baf95f40dd9d8344a1d0769867bd484d6179bd85db45,2024-04-24
930085.3166666668,003d5db53eecde1b33b1ee520cc7b9a3c65e542953ab0d18cf29df89539cb9f6,2024-04-25
562589.5812499999,003d81c3b5eb325f118635ad5b325776d4076aeecdc08f9c729400ba067b7707,2024-04-26
90428.00588235293,003d88a5586211a4bc51c9df9e218ba50e6319c7fde23dc869da8af1f1280905,2024-04-27
759144.7647058823,003d8ffa24558bf0614fae4e54c91644cbeb6acc1ad84e8385dd4f78ffc1a644,2024-04-28
620423.3999999999,003dbe7a9bf89cd6c2045c309eb373bad4936df7b7fa722bf692322452518ef7,2024-04-29
400229.6066666667,003dc15870c52d7cf53a0c7dfcb4dd702dd5b311a84665da07b1be17144bc9a2,2024-04-30
418968.0692307692,003dcda1b9819ae17eefca73fafa5b87352f27304f19cd062f54d80e347633a9,2024-05-01
250410.9285714285,003df1aec9e3d8a1f8c0b8275f4b5fc0101e1105ce91b8478477760fbe82ddf3,2024-05-02
1735674.2000000002,003e347985271bd108de96f06dfcdd27378e939fbef9f1c3dab250c5be411955,2024-05-03
132465.2357142857,003e34fbe16bd2bd38b7e5492bf1dbb674ec8060f7a654a398635e822f7b6900,2024-05-04
46956.91818181818,003e36fb272a33891b6f555eb80c2671996f80bdd0dad79e47c19f0381d2cdd2,2024-05-05
313613.90624999994,003e3bff97b2f9d4097c4fc83a45ae3a6a8483e618cdc392c4180559a5fda368,2024-05-06
101612.08695652171,003e6ed2e1f79d6bc3ab9dc460298602fa55b546d6f077ee7d411b5220482288,2024-05-07
344574.9,003e93ce2b0eeabf88c2c881b1963dd3b709e1c9064969ab6ee1c0ee84ee82fd,2024-05-08
733749.2333333334,003ea20183f457889be7bf5d1ebdf6a44f1b2efe1d831f2a06ff76580481bea9,2024-05-09
423351.16315789474,003ea81336b50c9b9c85feff36cb951fa3c09cf4f3deda687e7d333f8e4b59a7,2024-05-10
636092.3222222222,003f07eb9fe2f6845e8515a90295ed7b510a31e0fca5d097f7de32ad0a6a377f,2024-05-11
141865.2666666667,003f247e8c6e773a5e4641a988b2ebbe2d81a379365626ad96b27a6757da4d21,2024-05-12
586694.4499999998,003f4ef0b855f7134ed42f5636cfe47ecc06e54e6ac2a4553aeef467e792f484,2024-05-13
314974.9761904761,003f5b1ddfeb31905433d95670172b3181eb53b1316a931f094f5e0db4acaf01,2024-05-14
93500.06153846152,003f64167705b8892ce52ecc6a8c0e502a49428b4cf997c31e6626ebf802c077,2024-05-15
440983.19166666665,003f9af4e4ba134b277eedb568a06ed4b399b7cdcf6bf92ea7b97e9708ed9aa5,2024-05-16
247067.6,003fbbb7cc18a752f7f71bc99941f56b0496267380fdb930f1789e53f279e943,2024-05-17
1199161.515,003fbf2d678dbff1872e4c13c4761b9e6f3878270e854cdefe144374382eb6f1,2024-05-18
8110016.164285713,003fe9fd4e041dac9ffc745feb63aa003296c30e0e7638714e4ba3da73d3bb9a,2024-05-19
605913.4400000001,003fece17121f15ebec667e14e97ab2b79b8bfbdf427bffb6e43b267ae820af8,2024-05-20
890073.8583333334,003ff0e650d98d29057593dc8d2d52dc9efbb6be184b5a99d3954aec8c803669,2024-05-21
668476.1249999999,003ffeaeabbf8961e244ba3843732ca25da07f46680c8d3013728a53a213e08c,2024-05-22
765333.782142857,0040066f2f0436bf71070adf252f49f43886f9df18c5308249c36af0a37ab35a,2024-05-23
1449645.875,00401bd80d7c358eada0a49b0c32ccbf6673cc4e82b71615b8d83858d4263233,2024-05-24
302291.01304347825,004078e7d743d8cf32a1014209a643c9dffa5fd6b47f942969f5d8aabe8477fd,2024-05-25
405793.2454545455,00407fdb74aafad208dc5c8e129c0850c8859528a8fe189a448e8086b5217464,2024-05-26
400560.03,004081c9307e589d4e8ef80523fc7a2568fd0c5ba455b77ed4b47fce4cfd808f,2024-05-27
769615.2090909091,0040a5d034f4ae18bcc72716a0de89be2ce5e9ab549f53a1a7414261de448760,2024-05-28
899245.625,0040f46244c13b578b9f27c18d1e97f98bb12f90ec247b9007167b49e0b40afb,2024-05-29
981842.577777778,0040fb382b301552dfd385bd801d66dc3a04f4cc18e015370fd897171c575cbf,2024-05-30
425730.3333333333,00413335f051b24df922f7042718dd064e4cbf7160c0e551f02e66228a1da33a,2024-05-31
1235517.066666667,00414a8e7a4d06919302c6d0d182a956303de398958ebb8628a5ee3671ddb1cd,2024-06-01
1088695.7,00414ed1c5bf70c39021311d7b39ae511c90c4b5b9e19e7109f400b91fb39b6a,2024-06-02
143533.56428571427,004179aec82e5ead5046ad4a449cba9d2e820ea9a45f4e5abfb0643bbc96b006,2024-06-03
624503.5937500001,0041a64569b6f816c7fca64d13e35e6c3b8a7fcb1763d1e90e02e9b264c8ce0a,2024-06-04
660605.8571428572,0041ba2c0a83d575cd75bee5d33cdd0fb61c3fb7370f935ec58afa76ac4d238a,2024-06-05
1172389.7333333334,0041d582b326e9feefd5737b7fe63bf2df71a32f863a2eb62869b1fcc5a64d44,2024-06-06
103238.57826086956,0041dfb525f487729d2572dd629ad9ff7c1fc018b46f8b924c441bc54fcaf5c4,2024-06-07
14276.98,0041e005058b98837ed9ecadb4757e6893d777d2c1ab9683285b659c20454d35,2024-06-08
862644.0454545454,0041e84a499a23208b70eefb175c5452120e53432a1f2c3da8e6af3e4c6b2eab,2024-06-09
1379268.9142857145,004214b8952554c30394db24c892f8b22f237ee6a1ef6e20cae0e0c70665167f,2024-06-10
654863.0,00421f19817e1bea00aac0d12176da3dace6182de6f1cb14f05d01f6eea5fcf1,2024-06-11
520619.5285714286,0042284030aa8bd3453c157ba64dc6117c816c31329c4497ed59f3f648e2e44c,2024-06-12
883435.0230769231,00423a5f33f5de4753dc29245ef0e27c6dfa033d5cd9c476bdb4f8fd6de2b7bc,2024-06-13
784196.775,0042473af87cde6b58c8a00328adb9ea503e4323444ac32895e8f6a2b636653b,2024-06-14
176858.628,00425440291e0f0ee9b1191ce6db3cc82e48beb85400f03af4397dc9618e0f50,2024-06-15
654224.8166666667,0042835d52255b4508f85bf4513671ae013081dcc9740b2b613286e6c7a67fec,2024-06-16
203628.63846153844,0042c2a3d27943616ee34b293c44f9c350371ff040f3ccb29323d2061e42fd1b,2024-06-17
570790.9076923076,0042d8d31ba94eb50d01c389d64b2cac85deabbf79f4c05ced6b9e17f953dcf7,2024-06-18
131225.23,0043049379f570fb69495424573268e904a1c0fa5b0f9c4a4084c0decf02d0b5,2024-06-19
566978.1,004365352b241ce11431271fecf2d5d9f0a18b5970648e78ffbc71861e176081,2024-06-20
199142.84285714285,0043665c5745c0bfcb8b10b5da8f15d95ce31f6c78cbef88715a4541b0dc1eb8,2024-06-21
276547.13333333336,0043777c4bdd1d4177c524d9a1b3142795737ca128196c69d01e95ecaad061f1,2024-06-22
834007.6444444443,00438ff935b0ed10ce14e944b6a7e4b5697726e5074f30c6a16273d82565c5a4,2024-06-23
607305.02,0043b101ff6e9a3b7760103152bcc40766812f6f47fb2044dec2f0977ca5c70d,2024-06-24
270868.3666666667,0043e2ef13f829ab5153e6db18d63431f41aa138352f349d401092db12e286db,2024-06-25
625106.6,0043eecf450611c1839a5dff62634d86e698cc4c68286379355228b73491084d,2024-06-26
350688.455,0043fc7eff90b40092c198258f81868a0030d07aca3b90e9bdd58e9d7ecc66fc,2024-06-27
299945.62857142853,00440e2c271e564355b1a54de98b0994a1a7a822532fb6d2cd4541f0ac579297,2024-06-28
231489.28750000003,00441aac9a1394e08989652f991bcd9c76663a72ceda9d1dfe56fc96ffae6275,2024-06-29
28790.928571428576,004420e681e6d25c3ff5189e106c2d50a447b1c65aa0e3670b5e7a6504f995fc,2024-06-30
616337.7916666666,0044214734c8d6e9844ed7248f92d97013daf976841901ce1604b4b6ce4d7b40,2024-07-01
831972.4,004436336a55c5e6129db3c2c4dfbd2de1917eac43622d6983c94b9f2d4b3e61,2024-07-02
110267.17777777778,00443bff7a6f08ec6ba9367512edfe48158a6f5f1d2513769ecccb750f76af03,2024-07-03
197829.73500000004,00444c52491618978459f2ee7ca3d91fa69c15dc5f79f1a8dde6649a917dda9c,2024-07-04
156037.55000000002,00445787c4292660c8548f2118dbb38607bf5f380ae9812baa68eed4245a3dd4,2024-07-05
261978.36315789475,004466eedf8786e5d02ad2cdaaf93893b14a3f0307ecd6b469a95426ecd630ab,2024-07-06
612564.65,004469b8ffa27739b8c3e7445f5a069762bb211db8e31f73efcfe09a20d56d69,2024-07-07
